Region,Crime_Rate,Education_Level,Employment_Rate,Median_Income,Poverty_Rate,Population_Density
Region_1,1176,76.49200115905583,73.31534429175198,116664,14.655299820425768,1523
Region_2,910,85.36150478222223,46.08809555626374,21401,19.71262337897472,3293
Region_3,1344,88.38897507214193,63.91170115240361,105179,9.634319477062787,4528
Region_4,1180,54.36450897948377,65.30537774233754,35193,19.99428287426245,2231
Region_5,1145,75.30519781796735,51.62756791826901,112389,26.53784268067234,1499
Region_6,1094,96.60071711284671,43.998269717965094,64864,26.715990995585642,3146
Region_7,171,66.03210960797571,78.83618152358463,40307,23.10861015823849,3306
Region_8,516,79.69415487789495,46.10175260621975,39611,23.64383447690315,3206
Region_9,1288,68.46152407549481,69.71453752808874,63791,18.948186128767517,1640
Region_10,380,72.71339861095498,86.82245869418303,31950,19.61670225414562,4289
Region_11,137,77.43015589690766,83.80525962990212,96240,8.341264535262951,4031
Region_12,1446,77.44609899444886,53.88763118746306,97403,16.096479710532527,1485
Region_13,1173,60.08652311651179,82.57243187756328,22745,16.269407097159096,273
Region_14,921,84.22857739399166,40.01662530602447,75243,28.962445891693505,269
Region_15,180,54.39340556213284,40.88439048066286,23866,15.777171565582236,4324
Region_16,1382,56.94123867210102,70.12765819214324,52245,18.73356612256894,1704
Region_17,819,50.13554497071648,58.23991095722647,64724,18.33128498197756,4578
Region_18,393,55.834803207084065,59.32304205795735,91354,20.91904292610818,314
Region_19,1487,73.65831005259462,68.22205453394412,71374,23.705820783297398,1003
Region_20,855,80.30509405279193,49.589122779593026,50116,10.626046904271803,4574
Region_21,435,89.71447249832312,50.58776753327392,101029,18.218110477460893,3783
Region_22,1265,55.334962505671804,64.23007935094324,113574,25.647942682900762,2824
Region_23,1005,92.53637300082273,77.71267721719315,40447,16.57786784593779,3174
Region_24,326,87.2987262774359,70.97488757037938,50431,11.961438659339326,529
Region_25,1234,70.42591464679585,54.86775241184195,37908,21.367726883907476,3564
Region_26,509,96.64690335499773,61.51685887544606,49336,25.594184894978074,1403
Region_27,1387,99.54647382286953,48.53323792749992,60992,6.578507323184783,3372
Region_28,71,60.25009050266186,43.73149071685408,75350,24.41976208518068,3928
Region_29,302,68.96142924819003,79.13480203720746,89561,25.54119832404428,939
Region_30,797,96.32247117948556,53.26937045940973,71955,16.53807318971517,3904
Region_31,906,86.07982753756386,48.88831939256241,81240,29.582641420461684,974
Region_32,524,52.404732198204385,74.58090277846597,40093,24.667708517682726,2220
Region_33,1132,89.07572408757075,70.9025837143593,26155,24.341564122391645,1952
Region_34,560,91.3970443588746,71.6594813006732,66607,23.695964360301794,4923
Region_35,749,87.52509623826568,51.44473024233068,53487,8.765202580456851,2445
Region_36,1025,89.97685654597578,51.63227692813405,75668,10.43077216132527,78
Region_37,239,91.25663383463987,51.04013148928196,40963,16.599753286610625,84
Region_38,1007,59.320249339407205,48.68762978311473,70124,11.600108748986646,3639
Region_39,736,61.78458730324999,72.78618362808282,72870,15.38102430835101,2720
Region_40,1007,81.68792818600886,82.40079426247007,76547,27.211602748073016,3415
Region_41,612,95.3933065231258,76.21587348383306,84110,25.60817229698173,638
Region_42,1317,65.80982911482474,79.60468168802717,73554,20.750996961999554,3268
Region_43,881,79.41533378975284,60.23992145425999,40936,26.45300985627759,3188
Region_44,1204,84.14910317085662,72.7037897685999,24426,24.59430972543123,953
Region_45,696,72.59743006495196,57.711812022238725,108839,15.724623296022262,4136
Region_46,70,85.6891227427663,66.275231098432,47606,10.026628801248627,2219
Region_47,890,94.98337226460865,64.08174232674313,67832,17.85502600023348,389
Region_48,216,81.20507720909188,48.84435725719272,48151,23.40572206321375,4320
Region_49,1347,76.98905309573165,59.35393801678154,99303,15.910489968239826,1764
Region_50,437,71.93723376941695,88.19111377411755,31308,21.66929774459743,4742
Region_51,650,78.87431354530628,52.429012885747106,82522,7.35818565727609,4596
Region_52,365,67.7681225909198,46.690186813974435,65671,23.700118409285086,606
Region_53,63,69.5741055100751,60.92903108119677,110306,25.31784049732655,3137
Region_54,291,76.5928739844087,79.51688679300742,114108,22.67094639451353,3316
Region_55,826,53.330955619540845,69.10741148899862,22204,29.18158968815914,3617
Region_56,1419,61.451269546239814,74.04874136191222,112769,25.66630143651601,2106
Region_57,614,77.14246553067045,49.48474240873386,107265,27.577343196913457,3949
Region_58,947,71.57640715682213,70.94740965038608,51131,28.3392770864412,1066
Region_59,1413,66.64078929562422,56.17501974557369,72428,25.033699796845212,2112
Region_60,141,86.52745684046508,81.71516829773837,53870,21.856471050162476,888
Region_61,1440,84.68588037016693,71.46494030053681,69067,5.1429645340197325,1687
Region_62,1005,58.33653799966916,49.942813888764796,78585,16.645643830578116,4371
Region_63,558,93.93145576867191,43.23083399220431,41607,19.279057465559028,3546
Region_64,825,74.77118132019828,42.13166046435164,44968,12.60075681119999,1863
Region_65,84,87.07304555695228,58.57042838250703,118934,12.952611172586803,3529
Region_66,255,78.65754246286943,53.292556832715675,31908,29.02898539275413,1501
Region_67,1154,99.88463079619217,72.3045061731254,46423,27.292771630068646,2363
Region_68,1461,87.62015600194113,64.96669174893091,94707,26.229475137542604,1564
Region_69,1075,85.34902306217296,53.30096390026904,98257,15.150295042652765,1281
Region_70,1071,88.92859695253756,47.46188889750881,81215,5.342463760222864,1695
Region_71,1463,57.15639927742348,46.35998813437248,75835,7.005556161392851,3049
Region_72,615,60.22722965847316,83.23301960702088,69429,12.804909205440092,3490
Region_73,1179,85.70320411118071,52.17389842024336,102152,5.393572824891924,4106
Region_74,752,74.69907435654314,72.58553239554843,58458,5.428744547879953,355
Region_75,451,87.73176459300583,80.53429639931332,66169,27.915082541060276,3586
Region_76,779,55.14580153720725,70.7040655592368,27659,22.653962552976353,1773
Region_77,211,76.82406757422973,82.97826158234729,80614,12.723899751703817,1739
Region_78,251,68.94107827784579,59.619686076423726,97240,8.31611444002383,1567
Region_79,1045,72.85001096408392,87.81110953244742,52793,17.79089294737693,3967
Region_80,319,80.19789360362563,46.65725020890485,66473,5.133654021359112,469
Region_81,865,75.11441737312651,45.107476482876905,116762,28.4603435964536,2986
Region_82,1344,76.99303185564183,72.93460731037217,109388,15.37037798472368,3912
Region_83,505,74.3178740997804,87.14155707066308,117618,15.058373880933319,4279
Region_84,1325,70.44775885427467,80.4441730818164,108330,14.764840189544554,1500
Region_85,1066,88.59409902991226,43.82084297190257,75751,6.733208259694119,3146
Region_86,345,50.61015361590223,53.96838569673582,98915,20.958055994795664,3311
Region_87,769,79.92213506026135,86.51594424189119,74254,23.325090490708835,1214
Region_88,387,78.27541736614869,52.652921640039224,27006,21.903134939707257,1919
Region_89,928,85.80895373664761,79.05852118934595,94218,8.460887333234858,1869
Region_90,1126,79.95146823886633,81.25660979643519,85344,19.471004200889816,2755
Region_91,841,91.33994139045392,64.77260517304909,53840,19.237112104306348,3565
Region_92,266,97.95373972820138,59.31744549241577,52430,26.71026969853455,1392
Region_93,813,67.12621285892718,62.506221620987986,43091,14.478191459391175,2276
Region_94,237,61.36754915149935,51.34823471826821,52983,14.287148591485856,1129
Region_95,429,71.17984312102415,84.46954580644221,43989,20.46317646795464,4256
Region_96,542,64.3964808237863,62.530982836487894,95451,20.826816337487827,4613
Region_97,1114,80.74751315763272,84.12297202280499,38990,16.73213068314476,2829
Region_98,1230,95.59262044214825,45.2846739953137,110270,16.076484058260526,2578
Region_99,64,56.955809707153094,89.41376355000656,100360,17.35369176594707,863
Region_100,114,55.03973015079433,62.163654372180915,56081,26.526132487582796,2081
Region_101,570,62.80077659268311,42.39154101970527,31033,16.52917253134775,372
Region_102,1417,86.30477930312003,41.901092411872746,36241,28.49829479924556,3019
Region_103,1202,79.64814526294109,77.31036287409194,25939,17.60009408990815,953
Region_104,697,55.11063321125998,72.95177671018405,67562,28.730017329522283,1591
Region_105,1136,95.93752611303732,80.10652790637937,55063,25.820797546726894,3553
Region_106,1212,89.50423185620434,45.2683766976403,96721,14.060783065395729,2703
Region_107,642,51.15113023938188,41.778543351777415,47045,26.5910355324154,2526
Region_108,441,82.5683605494123,65.42896447237892,64769,7.751582105027881,3390
Region_109,468,88.5623334259869,59.37976157413848,67118,28.126179383575362,4293
Region_110,338,68.7217684860211,63.09734683354779,104703,20.791087877072293,1191
Region_111,428,53.44607696836094,89.5794204435137,41625,6.35976871305778,899
Region_112,280,53.866053274439366,88.53749788353352,47076,21.10641809127029,416
Region_113,1067,55.21234830259048,87.11576948365965,84805,29.356191353618904,2947
Region_114,90,92.02198159902115,79.19213383838368,64605,6.745016365365723,1139
Region_115,1101,95.53430991278566,57.74206801284452,104565,18.867192744502155,4091
Region_116,184,56.14053909228669,60.60654651313858,108509,23.694858743984312,2088
Region_117,250,61.79530172975406,67.48080218594623,59121,25.256464667488284,2910
Region_118,829,58.27602551836449,81.52672282024199,85101,15.345686633019897,4320
Region_119,979,59.316043974706034,43.43564162591339,51433,10.104163979206074,1904
Region_120,1106,91.8745394501246,61.21484429424441,63309,6.0585569693095955,4733
Region_121,1121,66.60732063274695,44.130883172963436,87468,19.49315392743062,544
Region_122,552,65.57221320228206,65.73287932867558,64254,16.32277675669027,3232
Region_123,456,61.36978104385563,84.94504120031178,87293,28.718609878742775,1834
Region_124,854,80.39471968971293,79.1242462281969,116258,6.515122692872745,3560
Region_125,148,68.96528491927744,51.3921208771555,57853,22.134883586150142,3836
Region_126,733,87.21248259216443,88.79954247993962,58405,5.6241555530014296,4180
Region_127,775,60.27899041878187,73.36751990232142,86652,9.285854417763568,1048
Region_128,1010,89.38949443572463,40.521384969870155,63527,16.339474998070855,4519
Region_129,662,80.18607658650694,52.77067423426098,97227,16.371811070071708,1501
Region_130,692,55.713365002784386,53.03566499599583,20492,22.1425135733411,1801
Region_131,1078,70.72522921018138,43.462715314293,113418,27.755325871693916,2330
Region_132,1291,93.17590703064785,87.99132590379645,28811,20.97580397287302,4850
Region_133,552,96.14801158992424,63.91276472879619,113344,28.83837744628772,4708
Region_134,816,73.28500611594066,84.7907298685941,44272,27.04039099694994,2984
Region_135,447,74.04184890445367,56.11077517223141,113935,19.612494888269758,3784
Region_136,920,95.92273624696506,46.26167852164136,92010,25.844798772970684,3396
Region_137,844,79.35341120682835,63.716805495310695,112492,21.06444025809085,1923
Region_138,442,51.642333512171916,45.69783173571586,67153,6.963945773093179,4584
Region_139,256,95.63747314395644,64.300775148877,74110,23.514118081487748,3853
Region_140,1088,62.411322137857596,86.0148590609704,33979,7.3727110316836555,2029
Region_141,941,78.88159770457736,66.03840709171064,48328,19.85206951424281,748
Region_142,913,58.27566587139869,70.82498634475417,32867,22.566005146455723,1362
Region_143,792,51.69395801232975,47.83192184869041,79234,6.6631902052713805,3012
Region_144,1314,65.57365855663787,42.18678129399847,45851,10.769866348163294,2988
Region_145,613,89.02478537730438,45.54039810899035,51279,27.891805806541246,4837
Region_146,1070,63.87935863147091,69.92657878421828,116063,20.40786230582241,2350
Region_147,145,61.00486070405485,44.75058494961523,93402,11.15715047026329,3247
Region_148,534,60.634039217061314,58.79964449706557,35449,22.266994278700164,176
Region_149,1480,75.75868412034063,67.5045970229078,96221,19.91941049904224,1241
Region_150,280,98.77706578413782,59.432639931492346,109080,17.53939249794871,2689
Region_151,798,72.94944940085065,48.18419007326507,25451,29.404674374702093,4439
Region_152,1244,77.86526844450239,53.68956537570533,107178,22.086344435187723,3966
Region_153,590,93.0316008945367,86.41587664242886,61316,14.386027741697816,1416
Region_154,1109,76.75348594668293,73.79911377931776,83064,25.0018358019217,1069
Region_155,574,59.2231435709428,64.80239193399433,83761,27.114582323029694,4129
Region_156,1233,64.97979558832385,40.635744499344675,58870,8.130513987920786,4564
Region_157,1316,65.49684631343055,89.6207700244735,116566,10.013824446131661,4589
Region_158,1159,69.8659057728799,73.57274674473217,50873,10.405675228194493,734
Region_159,627,71.33944526683747,55.84612386724724,78627,22.28029523466351,3679
Region_160,731,89.98910110371347,83.96343299989191,86155,20.075988876332083,2937
Region_161,606,67.46934995246664,52.921581014590906,119186,20.474789117464702,1512
Region_162,1062,73.41159142206897,67.20082895913758,45372,28.519332492237524,4136
Region_163,695,81.24879935255261,71.80353818649125,23642,24.39778832018265,2311
Region_164,845,68.88629737200847,51.053168572686424,48001,8.198423112794579,4230
Region_165,1101,91.82824066461664,88.91986394002978,54064,13.687677060629525,2891
Region_166,1413,79.37268021170371,77.40959529894988,114826,15.88484115439339,1817
Region_167,1404,64.70223396104858,67.8906612755535,34122,14.899039718690123,4230
Region_168,1421,85.7029599894914,49.02972990876504,44820,21.73271522904698,3610
Region_169,1304,76.38238650723929,42.692910349901304,88431,27.297327581414063,2162
Region_170,239,76.72279456286235,56.00299162604917,75745,12.6512865880697,4808
Region_171,1298,74.0543974193793,77.65936679567014,70081,18.79692841052964,676
Region_172,1458,74.85059744106245,53.46656491510125,90902,24.73523554783964,4209
Region_173,1450,88.26781405331204,66.97781102477526,28711,15.405451471133734,3464
Region_174,1356,55.14907396656578,76.39735883653717,105132,9.202953209982397,1425
Region_175,682,66.71814056552411,45.397185732323216,38793,16.873774131593706,1231
Region_176,677,53.775168190194464,74.26490080579367,28199,6.380563018575712,540
Region_177,1022,87.66231103737255,44.593544385502234,96253,28.55958635005692,3779
Region_178,1332,63.61509273601497,88.25648710634982,56191,6.870530129874326,3584
Region_179,1432,94.87152049094422,64.41970650324697,30211,15.961417881264454,3346
Region_180,759,76.32892333296469,47.53380538549387,83069,18.247031527213153,1990
Region_181,1484,90.03748857430605,57.11918180167733,108896,29.63259580718214,4458
Region_182,698,98.94657178079805,60.67082246476308,76746,9.15054559107152,1932
Region_183,367,91.98944297282853,77.90925055382687,41542,7.860787965308964,4958
Region_184,1298,93.34968800057618,77.17118930383046,51312,5.2176536765635895,3037
Region_185,1307,70.39922476824223,70.59702526686655,65242,8.889285921732558,3209
Region_186,733,77.58612976296699,45.29653562792465,113783,10.181824476691691,4825
Region_187,713,62.69442820216521,47.57846857938368,107893,20.764523539577308,4580
Region_188,1447,59.80565498467264,44.68784603227783,75388,10.49266975978501,731
Region_189,1306,75.2753939553017,68.85863916437751,47691,5.51302036823313,1123
Region_190,1186,79.75244898502103,83.8569220755702,97960,25.665458637562217,2437
Region_191,491,66.96356229480955,61.690025612738594,104388,14.13989252509917,2444
Region_192,613,78.47217588817502,48.04240869788731,42601,13.842417164518348,2743
Region_193,1341,94.37302412567516,67.90211625744836,38020,12.561975729198164,1420
Region_194,1459,77.8360792391683,80.58761084328549,28155,29.384331928660522,4794
Region_195,1460,86.04065481552533,77.0856030756465,89119,9.252885432732036,4390
Region_196,1186,90.26574836789526,84.07253898375106,101051,27.45595159883088,2206
Region_197,1001,99.43643909777214,53.89510486244339,56777,24.420083303497197,2630
Region_198,1154,80.15987010884898,49.697693363388744,39710,6.911998887482827,4441
Region_199,748,90.3425074481293,83.99082429709694,44532,29.66822753752122,2209
Region_200,162,98.13246592774374,72.87801563890116,38601,11.784149088475264,3298
Region_201,51,97.22048627886367,55.54644650037771,83227,7.464573175560308,3781
Region_202,691,57.054092438885675,77.11740252862546,24967,25.732855853143985,3879
Region_203,269,70.3196154136761,80.75591922401838,104289,22.666888341942496,1677
Region_204,904,66.19950305533999,70.74891201705663,40022,20.43047014694752,3522
Region_205,1298,54.346250747517466,74.39420549399576,63463,8.899521592473329,77
Region_206,434,81.66203874554803,58.76299522213331,94671,16.96240290639905,2035
Region_207,1476,86.79523065980013,66.93478336715195,25722,24.513900672180345,4203
Region_208,1203,92.40640477334418,66.20795853630811,47413,12.590598453596005,1571
Region_209,1126,56.13884448313542,82.4023895565386,112772,12.792245712876037,346
Region_210,779,93.82220379376469,81.99819901410913,101050,5.078522651203053,2231
Region_211,1489,82.14627818071267,81.63402346735216,105867,9.356085041134488,3452
Region_212,296,85.19730675692547,40.551580713123286,103596,26.885140628045857,2346
Region_213,885,95.5312001770152,77.47727422344441,86732,16.043662290942677,2647
Region_214,252,81.23806355216256,77.93381950555025,32297,29.60586248086085,951
Region_215,1257,66.79329285749175,73.91894114275709,88323,14.892699089344815,1148
Region_216,172,91.25536657113298,77.81323289457262,43816,22.87966136950603,1727
Region_217,450,68.15296060975453,82.09851857483544,60695,12.047976072618228,2931
Region_218,816,51.71140554102646,63.51595270508928,39702,14.095241028523338,4916
Region_219,343,91.53272532826249,65.10251067442236,45242,9.768149689772367,1428
Region_220,329,67.25960724406377,46.23570284556952,75841,13.676559212484875,1298
Region_221,933,88.69172616006702,59.26879415236809,87712,18.68093801051608,3785
Region_222,247,68.13789473329727,72.16825899558921,105663,29.794322024481236,4291
Region_223,1031,93.05340099873608,79.01998880736372,112764,21.60504282679464,1314
Region_224,801,60.975526254047935,50.860454884560525,73574,9.98114886020785,1957
Region_225,193,98.7273632599435,46.89114495796177,105744,6.124036039788779,1108
Region_226,658,88.98793873940154,73.15210022502461,48482,8.158912032862766,2799
Region_227,1274,55.711896296019844,40.09399417624553,29171,19.063880031826184,2098
Region_228,1197,78.28883099832802,48.918629215366494,118932,24.12900822041916,4298
Region_229,236,99.26836561208674,41.45356901719769,23696,28.510480182518673,2526
Region_230,1399,73.55327263469073,48.34425589274355,40058,5.39557929992052,4066
Region_231,513,59.105356941079165,49.06596399627526,40313,18.069003539046747,4653
Region_232,1422,74.2389183575173,59.383679737519714,39149,16.77168390557942,3247
Region_233,709,75.62288279409609,60.116356234327796,73521,21.4013755493926,4636
Region_234,813,87.08434721143328,83.7131235305119,65740,18.989471361633548,3603
Region_235,1004,84.94229265804522,65.50548562494126,24956,22.175978764562014,4490
Region_236,452,70.12750217984903,76.17023828061431,95731,21.452064618729757,1811
Region_237,1419,60.901155374704324,45.20686789601437,102612,7.9252931214486555,270
Region_238,196,82.25270838846647,51.27193777318469,86641,24.99294784046799,4868
Region_239,1221,71.08519672766408,75.14717204893384,83811,8.08081439290812,4673
Region_240,913,56.61381055626652,42.64019802342641,72160,22.463265630228427,2938
Region_241,538,95.02861506181928,64.32988311218766,71313,15.403634191015168,1714
Region_242,978,84.56109288048272,69.9684482831467,83232,17.846268364414946,4036
Region_243,600,84.15919282227406,70.10728220262405,35417,27.582450359392762,4626
Region_244,387,91.12919379558369,41.1466405634021,44729,27.247093161837164,3027
Region_245,921,76.48308393275406,56.105400211459276,50099,25.44640764137574,1921
Region_246,690,90.75272142012285,71.8245325524577,118134,17.753709511408083,1512
Region_247,522,74.90453767555029,47.449986807462174,49961,23.40599525334583,394
Region_248,200,53.35876999578551,74.77078241640265,32602,17.822426387970232,94
Region_249,1488,70.26240440138443,77.29626044068372,29256,26.740152061869438,2118
Region_250,1371,74.87324469899453,89.09845952230727,106120,15.069395830822497,1564
Region_251,312,86.01012908161479,50.49209974282047,54681,29.25588361037192,2648
Region_252,193,55.32893650643372,81.25653338330577,111328,28.30806895572194,1051
Region_253,395,57.00092693302245,66.0148288459327,107440,23.540065486294637,1083
Region_254,673,63.18419013173082,58.67312980720867,84789,11.9853971044018,2090
Region_255,1066,63.32491966854411,46.1188378662589,63361,8.29133971983146,323
Region_256,930,86.60922892295312,76.77528032437688,84503,26.367586252329936,2697
Region_257,51,62.53653302807989,51.792879957184354,54540,9.132557153449032,1829
Region_258,946,81.65490316787238,58.57110009365229,46536,26.356519724933392,4526
Region_259,1377,74.71369250691357,43.127111344868425,104700,17.269125167809012,528
Region_260,303,78.66471890897003,80.06834579097595,83043,15.163919595202605,565
Region_261,502,91.90534815891479,78.32942619858217,98532,27.57976947086073,4336
Region_262,1110,70.21907507745121,76.68079150211562,76575,20.096274563506945,1241
Region_263,1233,88.54556885321352,54.972175524594334,22871,19.415350178242946,2718
Region_264,1064,71.10180297753436,48.674003713297864,66002,18.969148615609942,1461
Region_265,58,67.69356882806247,71.87766322351149,69812,14.279237900488285,3330
Region_266,1306,97.93135886566102,64.80831920566098,42626,24.641077588228182,321
Region_267,1172,59.21854603394816,48.91262334523208,79979,11.319961100394325,192
Region_268,865,54.516848028880396,74.29556355249318,96057,28.472374001031877,3382
Region_269,257,88.54929627677393,89.55632159106518,86668,27.34963012617402,837
Region_270,1204,53.41248526770458,77.36097938710188,119003,13.437008141872454,1731
Region_271,453,91.85394953515147,76.99931933428059,100070,23.236594245791593,672
Region_272,201,71.85966981786217,87.51563764652958,109390,19.330579861239787,3891
Region_273,103,95.77568386459569,50.14681837874511,62998,13.441232549980866,3726
Region_274,1193,86.07664305609528,68.27749824607201,83814,29.713041199886167,2622
Region_275,677,80.52023335039789,88.98233575169417,65607,5.630933646206605,3310
Region_276,636,97.46533985288829,48.26470554850873,27812,11.316150765532166,4762
Region_277,1493,69.83246865260271,75.01259797222605,81844,18.00185152777876,116
Region_278,1495,97.70434682698166,69.2905072985951,90093,18.048825086964097,4336
Region_279,153,56.75006387106035,69.32395460943535,22179,19.723326873639103,4666
Region_280,303,74.18774709662064,74.88353137600376,63798,23.79190430057298,1190
Region_281,1300,63.49556111960975,86.48084614378422,94601,20.58694576298241,2364
Region_282,1185,76.99213894540966,79.1290969925669,28275,20.007036513200923,2582
Region_283,559,58.10069389457923,42.8068051708105,70574,6.337861572826082,3630
Region_284,148,92.07648301550216,82.63640099378557,67857,14.413257194732457,1237
Region_285,202,92.32039246572786,51.27706649628663,40700,10.8013934925289,4521
Region_286,963,97.76181563617395,58.845708236818595,59464,11.634252790049386,4798
Region_287,927,57.733607044161815,63.08664068061911,62351,18.85843685850862,3389
Region_288,387,81.16662754524954,64.04530003765348,113330,9.98763287324021,598
Region_289,871,73.71186543501848,61.75901996276784,114319,12.348727525422438,4137
Region_290,1236,67.21918660221166,86.86766471079322,102534,10.927117712933502,122
Region_291,1006,67.57700805671094,75.30095038320124,33869,28.71257358045487,248
Region_292,210,70.63967753033762,71.55853229783531,80315,28.61664330427738,3251
Region_293,850,85.24627748444766,42.49210138914708,113688,20.248538964901293,1831
Region_294,447,79.91430291340774,85.19566651301874,40954,28.113061718297498,621
Region_295,1350,72.98407563805655,85.46950960041981,51555,24.64531613670933,840
Region_296,865,53.79667051848111,79.01065317150511,83353,19.748697070045218,1688
Region_297,1465,53.888267203947855,40.35146019068096,102190,5.160880287419893,1881
Region_298,1208,50.116969531288916,42.86401255388117,65026,24.3129071519851,1905
Region_299,1268,98.38496941035433,51.26118511342449,66976,22.562208539711722,1224
Region_300,450,50.262690927919245,46.56747040724534,100578,20.38134133206035,3790
Region_301,689,55.15468730068724,59.941801485186474,111502,24.010607792061794,3327
Region_302,1106,65.72982784047055,86.13115290438948,65095,17.823054119369143,228
Region_303,737,90.37151259083805,63.60302170984991,34270,22.602081783033476,2294
Region_304,509,98.10493928820588,40.67013132160828,50908,28.379302168162333,4136
Region_305,1004,89.5006779395928,54.1372844789381,35523,14.395125396152157,784
Region_306,519,84.52801162228204,42.22974541864808,82433,22.703045872515634,848
Region_307,1448,76.06503337067846,41.81438113067511,67068,16.892195450273967,837
Region_308,1095,54.33526059310918,53.785992654777615,39991,21.859991295349538,2845
Region_309,799,97.90853965019652,53.78061693394727,30775,24.072333388859104,4354
Region_310,87,87.91962069728407,79.35633013008021,97801,6.136312510894899,4638
Region_311,279,81.94746926671309,88.7417326390556,104995,21.165011098716548,3134
Region_312,1438,87.95179227694248,58.560354694499914,81250,10.668529610173614,2968
Region_313,612,86.20516646365692,61.44434394305193,36673,21.75081344518917,781
Region_314,487,81.86157898947434,82.23947181430107,47056,16.70825464834534,1179
Region_315,1356,99.02884000899941,53.40695100477567,26614,24.33881854662218,3496
Region_316,76,95.16819063180125,47.8190902201724,27415,8.08502038013991,1655
Region_317,275,82.33324595585816,82.65448117018252,108691,20.658058791404876,3828
Region_318,1350,84.65876057284623,42.325029322003275,63884,11.961768223188809,2795
Region_319,847,52.5797903329355,70.98497200997079,36964,26.324549883264787,3220
Region_320,333,83.49587322750196,68.09964237334034,57726,28.209587640907685,4739
Region_321,928,52.208271885505006,57.29602237508472,57044,29.909957341976387,2983
Region_322,1009,79.41318784849655,55.759476054867946,77149,24.900185060682084,1265
Region_323,502,99.96767497829174,78.59288630908107,57544,23.843351760700113,374
Region_324,1069,77.79032907185898,44.321230538127324,69976,10.387518971688776,1900
Region_325,865,73.66050590406667,51.83921546556927,52252,13.400176474752719,1540
Region_326,708,65.64274282527938,76.62243659190449,23832,16.642063544056988,943
Region_327,596,56.02612893932322,67.41602918632121,110811,24.334526194556243,1440
Region_328,1265,86.55118357291408,46.39941042667932,100437,27.874146626949216,3439
Region_329,1122,59.62995138928152,84.106780714103,54148,9.728477500574616,4289
Region_330,66,55.76410106236422,59.672392328179576,81240,28.05918711675257,4529
Region_331,1245,71.08813298652562,81.39341876610864,108454,22.39061630885145,2313
Region_332,1293,89.76709189795487,79.38565077638543,105076,20.269268267125966,3482
Region_333,207,87.25322740601102,71.2212723235864,97116,9.996031782048487,2421
Region_334,526,52.74413073232375,64.72405656475465,73459,6.388125820228764,3136
Region_335,1119,72.7571842518078,88.97754201908785,58402,19.2116224626985,4362
Region_336,1446,76.12172880355845,47.24825361899085,77727,21.28789208322231,1565
Region_337,567,82.22733253129111,76.25778637755573,58578,10.269536233867207,2967
Region_338,148,82.50836752216141,49.55953507323945,110453,18.911405145636408,2402
Region_339,1110,68.23486247286529,56.91315526661742,42318,26.41233506906434,1217
Region_340,329,78.0338597001757,55.434937168659765,95715,25.8766486363755,160
Region_341,1422,74.05309419220433,87.35179938693615,97787,28.18387951465743,4377
Region_342,546,94.24991782616405,88.36780888941377,105029,14.147145238922011,3705
Region_343,351,76.51325663174501,49.15077221173636,40466,12.951239313772968,3843
Region_344,230,72.05160808740808,41.10175801487521,115742,23.735650149520218,1805
Region_345,656,70.22427248409254,76.00040198315565,65475,15.777810127425125,1627
Region_346,1172,78.62138797167329,60.89949669352421,80142,7.188716600694516,1346
Region_347,749,90.19884897004488,44.44201225437822,105160,12.070028266762492,3824
Region_348,1042,76.92007451903937,74.18770527885212,46564,15.464557138287228,2270
Region_349,1189,83.08275875402708,67.25527641303498,42412,12.3129106369063,1022
Region_350,240,86.89278834532625,89.0258411000553,113526,13.305139273683041,1080
Region_351,302,76.00840549393659,51.37047479306895,71001,12.344397654359769,2643
Region_352,1030,71.34085283274322,60.19889381632741,77649,6.0374791795769855,4042
Region_353,977,93.83326889312247,67.12729016977114,80957,20.927367520611064,4663
Region_354,1234,70.87530420139461,79.58499942266758,55517,19.932310508836732,963
Region_355,1329,73.09714252877939,67.44193283600293,33156,21.334587461967015,2231
Region_356,1396,99.51706566708886,70.64500804309746,43064,9.807747400840686,3247
Region_357,177,50.01187617879423,51.307352579497035,45711,12.391363540312131,1512
Region_358,67,59.27364547883612,82.34593640442799,50106,20.490398173623056,2428
Region_359,615,69.19819449598629,61.43152734852379,85458,19.990689211498037,3504
Region_360,619,96.62949547126264,47.047981376088465,36589,17.658257733856694,3603
Region_361,1396,53.501485287373555,73.20939572527087,109272,13.760331250254936,1357
Region_362,735,50.4742716814249,50.80452265926537,106511,27.82327511936725,1239
Region_363,675,52.63419179886143,44.87812551196499,27214,13.494256057471095,737
Region_364,1361,54.42717053068091,83.09934542021361,116117,16.39047891093129,4711
Region_365,903,51.87983866031304,63.00811322442198,105731,21.95284577385522,1257
Region_366,1011,73.98906634282524,77.46418563478882,47127,18.575535771669102,1944
Region_367,204,79.03786036136638,54.529377990317755,25141,13.67214940910964,4972
Region_368,539,63.584348553450205,79.34850674588331,48884,15.891119761412746,1861
Region_369,1459,69.91436919878177,45.59679635107652,110421,24.862020446337652,3233
Region_370,834,54.58496675557151,57.79866868974264,22708,11.953228887165311,3847
Region_371,1177,66.81852319142111,88.90309089867642,38375,8.556380994420385,1694
Region_372,1466,76.12595958172615,79.6994858184003,35088,12.829080045744426,4018
Region_373,295,86.61359035923226,64.8627965157344,77615,26.238355387197533,2766
Region_374,1249,50.16731810214896,56.98887357809426,65046,7.224742871408667,240
Region_375,1112,73.36553832688263,83.60678500112382,30014,29.792401834311296,1385
Region_376,808,64.85014382274412,67.24238795422579,84425,18.525072473191564,4853
Region_377,587,92.64109108459508,77.92125089345555,23273,29.62114359917735,3156
Region_378,970,85.77766576171209,77.70538401580819,67135,28.47491055214944,428
Region_379,457,79.45542672354475,40.89728392842459,50881,16.32034285527292,4532
Region_380,574,63.863282284838675,46.31268913963067,117022,9.962276865133727,3879
Region_381,877,95.51695510287672,72.9814683197371,98077,9.122119414128461,665
Region_382,952,52.25503386101616,48.08099056429357,28712,10.999734096748938,2380
Region_383,85,55.473379933955755,52.77466723278023,94704,22.753316014113434,1804
Region_384,734,69.5815070270178,87.33189770998035,72874,11.823749868287196,513
Region_385,69,56.22187786484282,68.00911291874559,89087,13.535631740107458,1016
Region_386,370,97.82078487797125,77.53647534996736,32297,16.21947009986537,4317
Region_387,561,89.89946610716916,67.89903693913199,47128,27.830817010536407,3208
Region_388,449,62.949132580090684,67.62568073913626,88368,9.734835447121153,3674
Region_389,703,79.42771144866227,44.707595506284896,114019,5.125663815245078,4988
Region_390,1021,99.11652575400407,57.18315963045515,107599,6.502410259454254,739
Region_391,520,94.20994890657515,54.121544934325584,108499,27.61915854200295,2672
Region_392,1216,80.0399223221099,59.536418280680664,98958,21.187911621084076,2262
Region_393,1165,95.18619835876353,79.91720941121642,52920,11.82601548319517,432
Region_394,1427,99.45924549066794,58.59663339584324,31156,9.429812525279779,2306
Region_395,883,87.1676411446812,62.584840961584135,31108,12.356668415927858,3860
Region_396,776,53.2493204741447,59.869069524265825,51845,7.869923181282003,3553
Region_397,903,70.07901182127438,44.67039859876478,22800,28.538322757111025,1462
Region_398,100,91.89128676416227,62.053607912539185,62712,24.60515435913167,1633
Region_399,624,61.52845979025095,49.78046365222575,22610,16.55977942281352,421
Region_400,1263,91.53212588753124,49.33616478865207,97603,26.624065127880048,660
Region_401,1198,56.016938101749794,44.701805221713315,53872,11.236455107330807,165
Region_402,199,52.34726785739065,57.83354870708824,30728,22.92801421180484,496
Region_403,363,69.20453057456248,77.87409423947088,115102,26.403312475343586,1441
Region_404,619,51.836596871330684,53.8220845291698,115319,13.919217790581815,3374
Region_405,1415,97.86351314916628,55.61745509427568,40583,23.936611136267942,1390
Region_406,354,91.3102847896983,72.13373288362118,105774,12.376808731607735,4560
Region_407,731,90.03848435649375,49.79204062934595,27263,12.47142838147577,2989
Region_408,887,81.48889614980766,84.84789652117672,87450,7.676429463854651,3749
Region_409,1127,60.81620115182768,66.00952616257771,109285,16.001451162734966,1123
Region_410,1052,75.91301833381961,62.38014701601085,39456,23.242797662435557,4863
Region_411,493,79.86370362151705,67.89100959646007,111118,28.505520139282122,3619
Region_412,662,76.25157504301342,48.30171567080977,85942,20.094924798227403,3200
Region_413,1042,63.011668397576365,70.67365693195882,33689,26.578388443393475,1655
Region_414,313,75.76239621573629,58.15503683170052,52934,25.562366232255677,4707
Region_415,1126,74.55931704343132,84.85931704823095,53276,9.333576324382022,2344
Region_416,1053,99.8167887903362,48.44271033388431,39873,17.145435722815787,3712
Region_417,54,94.8718074023102,65.35255519327205,33050,7.923088388134786,4532
Region_418,1176,73.16903741078099,69.9056314684509,86216,22.053829039040874,4847
Region_419,1269,81.14686914675593,41.66918008931906,104444,28.747491706151898,1033
Region_420,823,87.39358020461142,58.18465623780701,104040,8.427236451968913,401
Region_421,926,51.743258011691246,76.63176173504164,41644,23.347078270063534,1774
Region_422,1041,94.746072061392,81.01887537244866,82021,20.805953771696522,2001
Region_423,933,93.00634082089618,55.65809974086412,57125,19.590125925202493,1329
Region_424,1423,72.87160488868537,79.92966361913756,86899,14.753005867208481,1957
Region_425,96,69.558488304019,88.38779385516943,62291,13.878291193845314,4898
Region_426,916,63.64796874281575,82.84369680375471,55060,6.131229725472196,1074
Region_427,872,73.83384141651842,45.88219940796626,21538,10.447717706300336,595
Region_428,985,52.21883317666184,76.98651660427703,56176,5.379422057170673,4224
Region_429,705,92.60967666735039,55.98334162202724,61520,19.535427639550512,2431
Region_430,318,51.77111842092725,89.42079947060382,45675,7.646330896947721,938
Region_431,419,66.45256826849355,64.26794915799435,38287,26.825484850742903,1155
Region_432,685,96.5794744159495,46.12169491794705,20174,18.07857551742913,2599
Region_433,1179,86.76063272617264,76.25927740136953,112268,22.49224772646771,2040
Region_434,706,64.06954802887634,56.150559919310695,54998,15.271427296012412,4048
Region_435,169,62.632454698044256,89.85390785408308,73312,19.014495225026216,3825
Region_436,880,50.2541069909013,88.9891228927261,32112,28.566479424165763,2862
Region_437,1131,84.7857146424875,72.80670090102903,95225,7.068350990591769,970
Region_438,1419,52.43917908365866,46.49132244758588,64814,11.348444298092403,4695
Region_439,790,76.63012597003811,74.34304988375146,105091,24.499708172763608,2111
Region_440,166,98.10609862960249,44.65152432300136,70719,7.468430172066647,4537
Region_441,840,55.473443002722696,41.46820795511962,53919,6.891527597602771,3689
Region_442,1200,94.72399654840336,81.1479223110743,93155,14.038534968850964,3215
Region_443,1466,99.5737667572524,50.48764738418407,91569,7.304198961810808,4485
Region_444,1062,53.075851311961756,58.95135631095487,61328,19.62696105515508,2694
Region_445,1131,94.14531345687305,88.67286949880867,90482,10.656881270414996,4902
Region_446,683,75.80395102218083,56.84202509305516,44618,27.39244907998431,1095
Region_447,562,95.325685972229,54.82448906416576,54675,24.587502021131417,3606
Region_448,851,78.56594709597871,85.91039998113877,38919,22.492630152486903,2731
Region_449,1169,83.10560050532823,45.5374222659479,24173,20.42360068461255,3249
Region_450,1191,77.18894539986997,77.97912050573159,46400,26.586643258536583,988
Region_451,609,93.22464401536743,89.4032783326387,70445,10.576551538568921,4993
Region_452,537,86.69549594768509,85.06480053873244,90305,26.827721069105692,491
Region_453,1310,76.06301560902074,72.5833959353213,57564,24.737307460601308,2600
Region_454,946,93.40804020257735,55.7030397496366,65814,23.704020659692137,4275
Region_455,1345,62.26427661276673,52.71609905891584,99747,19.0313919518731,646
Region_456,1262,57.8670329851263,80.96275524357306,108791,11.156104024265002,1555
Region_457,753,58.0200052665036,83.99109569758477,47962,15.588697899797408,911
Region_458,630,66.7004439372619,66.27174562728464,104892,24.83926636347004,2690
Region_459,839,61.93450156505088,52.2169970393233,105842,5.794462108933111,3781
Region_460,910,96.50451752548693,45.64716042055868,90533,24.551269231593956,1601
Region_461,296,55.2917046914292,44.35897339159156,76184,11.001768512189162,3286
Region_462,1149,84.94953690197939,75.95387236769278,102912,8.607730018040076,1786
Region_463,203,59.461076989250294,61.005936392386246,30578,7.892532954507554,1499
Region_464,1046,94.08185663851751,85.26799371389352,38624,5.681250298770378,314
Region_465,1159,98.06576440924536,76.98356503633818,59194,18.089662130536322,2709
Region_466,746,73.27350043849918,49.56302089572934,20389,10.456496817343236,2771
Region_467,1358,93.95357401140657,70.68887094078495,119303,29.73579414449079,1512
Region_468,1293,50.25725853773574,61.77527271990797,87391,19.360918896805146,4302
Region_469,1142,90.99734587040501,68.86248653843066,33794,8.44713173390026,1495
Region_470,1120,61.43125807624617,76.90345616692585,78002,22.219063520284134,2348
Region_471,1058,95.43506546346839,80.30979405018954,55531,27.443589162743134,2975
Region_472,143,50.056005574005475,82.18686632033621,72815,23.62948738424036,1682
Region_473,1007,77.80908675198785,52.69874372860124,24986,6.910996525986191,2424
Region_474,1061,87.83179018924673,41.55577999586789,52298,27.397104529816488,562
Region_475,502,62.9344165348954,76.96473675823866,21481,24.84823464649912,265
Region_476,1277,59.656643229364654,45.31718631278873,76408,8.957597502640358,3381
Region_477,961,54.204911223399236,55.74597943064838,89267,6.294647218320422,2222
Region_478,267,66.32167882516465,40.19085670621736,36835,18.932764382857712,3203
Region_479,523,77.99221561544147,74.08347412008101,47798,8.900895283499423,1756
Region_480,481,55.792192839012884,48.35660057356106,111649,25.8647738148818,2156
Region_481,390,68.83476809933994,72.76412048458292,84887,13.958366416791844,1617
Region_482,600,50.45362023263625,89.58713085839194,39477,27.822311118414383,2258
Region_483,1362,90.93397102499209,43.63354358050081,37266,19.142204303525144,2381
Region_484,1327,56.422435904659565,43.85390059757304,106328,9.566809605991704,2203
Region_485,406,64.16714741327908,57.01900463333374,105988,8.489971683995002,1178
Region_486,72,50.92138593691087,83.31932571256709,63526,19.411810938943848,3560
Region_487,571,71.61203919462562,50.77649343956659,31889,24.047090296561098,4373
Region_488,1173,92.00607513706095,58.01889099651738,44335,24.537641193554553,3703
Region_489,851,69.60756057225983,43.425270331348976,31254,11.893935111032032,2415
Region_490,1253,58.97486617119167,78.15776456294446,106610,10.106168972804188,4947
Region_491,1296,87.68494170252596,60.41531713797255,31442,5.41890761230956,2971
Region_492,811,89.44034909353721,77.96243665304215,66289,21.979978780029235,4617
Region_493,491,58.68767376537834,85.18039221733974,73747,6.914206460838475,1129
Region_494,818,88.5427054270495,51.638157355064436,57327,15.519030044148145,3561
Region_495,1065,97.36489441281691,80.36980151699757,36199,20.042054100457403,2791
Region_496,1398,58.31887934661361,42.95469450391266,92827,28.427723622991927,3070
Region_497,565,88.54921462660678,84.94236940901237,20112,12.795053423894217,278
Region_498,1089,85.42860023013147,72.53842737793737,107051,11.244304061162994,220
Region_499,841,73.67869442175443,83.71133620691758,39581,21.35400385715246,344
Region_500,385,52.89602302793992,40.0094199778291,79722,20.48097580133954,4334
Region_501,307,53.7347208878927,48.45405351779962,112036,13.302744582703115,475
Region_502,546,92.62073295993238,59.4879693713246,117562,28.202545887744662,968
Region_503,945,99.50741863753235,58.97514516873593,36523,26.12155818724082,3303
Region_504,209,83.80261285933773,51.33651914617553,86960,10.599563646627029,548
Region_505,901,72.29791535051608,59.080596993360004,39552,10.978563635863079,2859
Region_506,739,82.37868217009537,46.44243560001274,30808,17.807508672177015,875
Region_507,429,79.71979296142726,60.638056463301304,92525,24.33930254326801,3829
Region_508,1006,69.18061302028109,80.11771645796321,43620,6.10100948471161,1908
Region_509,740,53.28130722870065,63.95350315516756,20887,22.333378843367665,2168
Region_510,1341,91.07564737037205,40.90000444726075,51802,21.205897434552423,195
Region_511,1490,68.59167646193623,61.07220207896237,105024,10.787002397824706,4615
Region_512,1241,90.93928216785469,41.35875080454221,115549,22.033825331033718,3627
Region_513,1116,62.62543748441911,88.3121705353399,101938,28.504579781302066,242
Region_514,334,50.05147399228167,46.37269797114345,106741,6.169646124294212,3938
Region_515,446,57.946914163837825,75.38441631653095,46049,12.991301382301563,101
Region_516,61,73.42697083842921,88.63881614460429,97789,15.954417916658882,2460
Region_517,1375,97.21518174789149,81.30195258332859,104526,27.48150897311724,1870
Region_518,1326,55.10968098468595,74.96576875631018,27846,29.056536165228916,3014
Region_519,548,92.7104887230783,81.97304547503835,110563,16.10288116240831,2571
Region_520,803,76.3512048105931,89.08993466303139,66220,23.75071030355478,1919
Region_521,84,91.29603828999484,71.06722486267648,66163,18.291525594112073,2618
Region_522,776,64.91872154949964,67.95924034146633,23765,18.444573368534414,1917
Region_523,898,91.9973582336236,71.41190552316407,101486,11.95248787665891,2788
Region_524,139,88.64113900084023,66.63379433807775,65270,10.423906146596988,3319
Region_525,825,61.5026841515717,71.75445529548594,95277,12.20013364810103,3249
Region_526,654,56.566756320468905,62.49211039862796,108278,18.908200181426984,2629
Region_527,1019,93.40271612661465,50.922159144165356,110239,5.728879650552225,4055
Region_528,1071,98.1618326720066,46.01236132558378,42931,27.681223608910145,4985
Region_529,467,51.565115687375815,43.41704677661302,109116,8.907092738744407,290
Region_530,164,86.56350334868428,53.16578918766,75633,10.502216921784663,3490
Region_531,666,95.47622554739092,42.30617821678669,100702,17.95690441119116,4681
Region_532,1269,92.86800460462493,68.35853899596928,71913,22.752869158431984,1457
Region_533,875,98.22602361351042,54.191422351176016,114776,7.393226368609932,3552
Region_534,1148,88.00470392190485,81.2267404043516,45991,12.942367438679055,4088
Region_535,462,72.11493811904552,43.71204364941932,74845,29.21686513935893,132
Region_536,1449,65.59759952475652,51.317574717074294,118505,11.558574169523641,3818
Region_537,1493,66.03713702190637,76.5123073545073,75312,12.826253626578673,1000
Region_538,778,86.22113363070585,69.94041481917458,30561,25.912462265450838,660
Region_539,1350,87.29185060154822,43.22456356245838,36901,6.255360792261381,4719
Region_540,1070,60.01795717743563,83.86197285811002,115556,16.61532922022427,3655
Region_541,810,93.40614067452654,83.86308814130898,82875,14.490419111291756,4604
Region_542,725,85.74620201011238,56.52040019378869,45917,12.914668997716278,3333
Region_543,1467,78.13751431716913,57.02029216747823,82120,12.142489851119112,2223
Region_544,506,73.57662300512564,89.45141791750869,21988,7.28435262151023,3534
Region_545,969,77.16164028949791,71.30880857965691,34256,12.870645733791221,1572
Region_546,241,57.962286913963226,66.56582602840295,107728,6.076310067891715,2651
Region_547,788,60.18506246381371,81.90760917759621,48230,24.524096591110883,2707
Region_548,1172,54.55822452030959,54.26451691786582,79778,14.95569484895029,2209
Region_549,1027,57.682901908055634,61.45912966981784,65833,16.09759580799779,2499
Region_550,1058,72.68468173026413,53.38883377441671,42625,27.33986466125329,3880
Region_551,145,76.5177196864128,79.45804232943658,52088,21.451374596530517,171
Region_552,712,50.89309462391597,68.6674672817609,99650,5.201477583552995,4418
Region_553,1263,89.83989139320138,72.94125350700352,61167,28.579370574032126,1367
Region_554,86,64.7083986671739,52.61536249197033,91291,10.92861164944278,4543
Region_555,1442,95.59180174799556,51.011265068865754,85303,7.690354618996471,2568
Region_556,328,98.37556318068889,64.41873144914693,96361,24.203204459522055,1280
Region_557,266,59.27294373383272,76.87828745464134,108229,17.511932896667954,1183
Region_558,916,73.10486453828304,66.261987876008,24117,15.844264150450439,1351
Region_559,922,50.06159175832129,41.63228387728343,110265,11.237576992068544,4084
Region_560,1346,79.91636325612134,83.42757531601444,117718,18.686787246557966,1960
Region_561,111,80.36532241313355,43.23434467575658,80710,11.859615130064686,1555
Region_562,645,62.37699778016876,87.79122418603761,114426,27.53957513217669,3235
Region_563,778,77.9206336291599,41.25709791386364,114876,10.38011199332982,1966
Region_564,1415,61.277007122186774,74.72252280653544,87054,27.10887876139384,4965
Region_565,446,58.041273453909504,44.110353185589084,50949,18.985135643183924,3598
Region_566,748,82.57597334011324,85.53382897175698,42547,25.712203347381024,2807
Region_567,1092,66.29627319760374,63.22166181127714,101882,22.821149896523874,2006
Region_568,226,79.51319694428112,46.87618874085077,88136,22.417377785918713,228
Region_569,445,71.66233744858278,57.04078498949233,84619,13.108645192376393,946
Region_570,494,99.2175703701452,48.2412337673381,81842,10.847423286805087,1601
Region_571,1306,57.47903213337829,48.5290955778545,114803,10.272155692019703,541
Region_572,125,73.22992983179051,87.4054160085721,46990,26.429791426489718,110
Region_573,314,84.02283131796626,62.26230561423941,36193,25.5106705064755,1127
Region_574,504,69.77725419399843,79.44011319526797,50109,16.014338200307684,2945
Region_575,767,98.73499259353449,71.9802780588841,39233,8.310115337411364,4210
Region_576,784,86.09438139634676,73.82131811691961,101730,14.556306299436459,3733
Region_577,1457,82.84919287822466,46.584671923601924,54510,20.483586353422787,635
Region_578,900,87.85296338056116,51.70922234077428,21306,16.360078861998822,4010
Region_579,1440,97.63243190193586,79.33751675772184,23849,24.504731712074875,3820
Region_580,193,95.39093264923201,88.53831032373915,32360,29.940570556284637,584
Region_581,934,86.21426540632059,53.133782129932584,114767,9.778302211222421,3512
Region_582,1142,87.45808195506416,53.57843823755199,65800,16.49127049148931,4061
Region_583,1172,57.296103701757275,63.64485664054524,56963,15.774597548020552,3448
Region_584,445,55.13962022463328,89.19201564277189,74330,12.612313318723771,2205
Region_585,1098,78.54522509220821,53.44794729132355,71707,9.95238791800724,1054
Region_586,997,50.918381847027,60.34859548171319,38689,6.6423029122414805,2549
Region_587,940,74.11781907757958,84.57400078117533,49084,27.17798293059246,376
Region_588,1224,60.51747899594343,40.1460516310681,60387,15.49621744215794,4753
Region_589,1217,67.30082838224197,41.988298249428475,94816,17.422387962501222,2756
Region_590,618,88.79023678964779,70.20358385356096,22642,27.923551205022896,51
Region_591,1112,97.06187521161932,85.36900823564235,62137,24.407261937898696,1083
Region_592,158,53.620813607317075,51.94283302009639,99832,8.262531602929606,2531
Region_593,1115,76.71211029882225,63.48208873403545,75561,19.13549919019356,174
Region_594,1259,94.12667429097999,62.523265082890916,82260,16.05630691298898,1154
Region_595,984,54.12542672202106,63.64856730477551,35438,24.93027681446907,2749
Region_596,447,91.2257023448417,71.12598478648727,68442,23.10581369029873,1911
Region_597,1296,67.89006754641358,63.48718814953419,22994,22.2601430477768,2970
Region_598,683,66.10473511096677,62.373407066122894,119575,13.513620886997423,178
Region_599,1206,98.87331931573928,63.71442102156303,21813,25.12409325998136,487
Region_600,1236,60.042954493114706,69.54337206355208,113027,6.309782389871531,4896
Region_601,1288,84.65969704113405,66.85037441756792,104381,8.990622535804182,2598
Region_602,782,91.07203640049332,82.70679988252522,75276,13.390581824447793,3179
Region_603,284,52.05917476396358,42.47484267468333,61243,6.920186026732032,1271
Region_604,707,83.51927291772061,81.66585357365062,82912,10.87485693836729,951
Region_605,800,97.57749871776635,82.1962306305862,80272,25.753774574947954,3218
Region_606,637,56.210998336402966,54.24540107654804,62051,28.706288444751983,4536
Region_607,1082,94.81106513425192,63.14259775079253,98854,12.615058894354762,3968
Region_608,1147,79.7388318688468,61.92692442687178,102736,11.612895099720955,1117
Region_609,1003,80.8302290931237,50.925491717706514,85618,11.997316306160673,76
Region_610,541,80.64720874328029,59.83984235431582,21920,11.942977183771095,597
Region_611,962,64.9417943168657,42.21938860854272,97219,5.898254554649325,2718
Region_612,1326,96.76009076497299,53.89110363908672,96872,28.172908658277702,616
Region_613,1303,97.36752313155193,80.8341087725359,101132,10.34245353925821,753
Region_614,1247,81.26523301069739,54.228115088144875,22093,15.500101852035124,4330
Region_615,1241,89.17113629708074,80.91033343741238,32905,5.2421720685241935,3190
Region_616,219,80.6128992940579,66.57997323022154,44351,26.44887727287643,1640
Region_617,1466,74.21992237870202,83.993133868058,50981,23.27893361137293,4993
Region_618,995,83.04100591496254,68.73897771322076,93903,28.66890087934258,4744
Region_619,844,77.65007262959793,41.48341115323699,90821,24.540386979909975,855
Region_620,683,79.8737931315965,73.77101037735446,102289,12.842662801301632,3841
Region_621,1267,89.19162767094309,42.24267840117843,104021,11.19683396821059,1407
Region_622,78,74.04519157244924,62.529850949156696,98513,22.442907688832324,3275
Region_623,1238,52.037705304623636,86.4713347236557,39874,14.102819375262486,3668
Region_624,1495,58.19997404947486,48.26019696689251,70931,19.15537539381541,2176
Region_625,388,71.93036082447692,59.4936176470772,27674,5.1564367756617555,2510
Region_626,1438,86.24132799370292,76.49301544242391,70516,6.547142542011882,595
Region_627,1415,79.66393241550894,84.11292780474238,114574,18.38419852954128,2778
Region_628,549,82.5147092936727,73.5471502371254,80686,19.151791161204127,3784
Region_629,560,73.96394642881437,52.908662709558456,114851,23.786323611483592,2612
Region_630,1400,80.78710109711214,73.73039264581081,89212,8.299132990599043,2129
Region_631,266,66.45087189073311,54.836382055204496,22426,17.829577093919468,2691
Region_632,1374,73.50912963483326,75.92146149093676,110009,9.861191110792216,3164
Region_633,1205,87.21395327974778,87.70165637925203,88498,7.329902989067367,1976
Region_634,1143,93.59163894865605,76.06967255531441,49943,15.262394851513864,666
Region_635,1325,71.68276669781945,83.14402514562062,86395,9.08341620222643,3694
Region_636,1488,52.18308288536806,40.10519215879417,64816,10.544549454807964,1253
Region_637,494,58.08362720734013,75.87860623657971,24138,12.938864496737544,1809
Region_638,925,51.043056964576905,81.47937784326251,111176,11.484710018579907,2615
Region_639,1255,82.6631509618665,42.02793687723407,95945,7.1897824351486594,3224
Region_640,216,66.61573126775545,83.57988636441152,24017,7.247906121492557,3131
Region_641,140,77.12393178596838,52.83471141550229,30451,9.831235380854205,2680
Region_642,763,74.66384233918998,73.26460509890276,82956,6.263979698988473,3211
Region_643,88,54.076324477621334,80.01774395117033,113863,20.66142549192318,4371
Region_644,1199,70.16306805619159,73.13322565296778,30278,12.18316791272255,719
Region_645,222,61.028056246116165,44.61423960366286,110480,11.993649194226776,3218
Region_646,702,70.91998943338264,69.81607594301842,63764,13.299957355944128,2171
Region_647,803,60.178914017112135,67.47918283610719,21134,21.56990685524304,4128
Region_648,1293,92.02262031384667,85.01606340371357,82943,26.765847037087262,4201
Region_649,1131,58.70966682891268,60.21198648221046,115667,23.97717331389096,769
Region_650,525,98.03902757434885,56.05405485435251,74318,23.188230755627373,2650
Region_651,505,70.79536830734705,77.49253822182331,80128,17.10977964002123,3648
Region_652,878,92.31226460095246,60.63376630416983,108056,22.345138924185292,4719
Region_653,944,81.43824091029725,72.30480875025316,41869,18.81905920083958,716
Region_654,1434,86.76751493328763,72.32250450623035,25039,10.406263204663222,333
Region_655,1074,88.386194403339,84.4019532180059,41281,10.214709193526268,3953
Region_656,436,75.24224409465089,69.93462011595487,30442,12.409800171882086,3615
Region_657,397,77.16502616816442,65.10768049809934,93788,27.770066774245333,2284
Region_658,239,75.69979339043624,46.94356631982585,47586,18.685371009493146,4643
Region_659,554,79.40291890450396,45.786880333935265,73053,23.347634425046735,1515
Region_660,1264,51.46972228782536,47.71607826415397,70489,13.66396899541369,179
Region_661,1442,69.77575849245076,48.592424066354724,103104,15.192894266630631,4784
Region_662,1482,80.30943567805858,71.89385463318169,106346,8.139139465931285,2110
Region_663,873,79.88617826279321,77.04906251372893,87087,9.28237394554176,3722
Region_664,978,89.64780473028158,66.49957614632093,32625,25.68391387065364,2544
Region_665,983,82.75046694160542,81.45088662727454,54397,19.62096579222205,1042
Region_666,1190,99.60666581703362,89.56316133668166,78671,13.438311647095473,2171
Region_667,183,64.19272643043224,81.0006314559678,111785,25.07128022488865,2634
Region_668,107,67.95755148331158,74.74411868379795,86897,11.162997640949575,4246
Region_669,734,69.19235759338981,66.62463497185733,46149,29.400817465005094,2273
Region_670,721,73.29064035101243,62.44265358373541,80030,13.620440193654243,4572
Region_671,222,91.79990318906047,44.21961902722712,89906,13.43277385378069,3238
Region_672,864,61.78960469796049,59.96843741973454,25283,12.79779763841763,3287
Region_673,1222,88.80001035177148,85.50673183910672,27610,8.052787898107198,4186
Region_674,129,70.26550915428717,80.40113149532765,63326,7.7784286833003105,4574
Region_675,935,80.09276918310043,50.80256825058436,34924,21.202625863353084,393
Region_676,1286,81.62702666131531,63.33038923486079,96162,26.877951113951173,4511
Region_677,252,68.64243185944673,80.83616012792723,20869,24.763012756791838,4754
Region_678,813,75.63076026029026,43.36922773927613,117088,8.527689850533777,4873
Region_679,1302,70.65155873238484,59.369629283432964,21014,18.63955304480166,2326
Region_680,1300,53.456639309330974,82.59206184369738,30103,7.6397886494159994,4970
Region_681,1475,71.85826944084133,60.19489320850619,102522,6.132366090326936,3251
Region_682,96,54.86966962767761,43.880732236572044,116007,21.40964648461918,938
Region_683,1306,70.25103995401608,67.12671842661257,53458,18.37880834200876,2093
Region_684,1378,79.6459199915891,83.08712474591476,110605,7.050592130286772,1391
Region_685,1216,78.97074496717504,69.51427714765799,102409,5.873481160149711,3770
Region_686,1488,83.13106395041602,51.31395541071159,43248,29.743910335233366,2933
Region_687,1446,54.76307539773131,59.21198100686907,109160,5.750533303726797,4262
Region_688,1332,82.6061622765219,62.50616805909661,63516,16.11320632625399,2465
Region_689,705,65.60740283482235,68.96331769102633,49061,17.615475615192388,1167
Region_690,520,69.95229730685556,77.96755128763066,44170,7.932003695011126,4313
Region_691,1020,92.8993126961353,44.94368088203177,28024,9.226544460992907,3051
Region_692,1085,50.45152020647751,84.48260165087831,102214,13.795125160258813,1788
Region_693,1403,79.42063166703028,40.61548515080378,105947,24.041896905341567,1414
Region_694,785,79.93569900500538,58.50261673371276,63803,17.677060601506668,2758
Region_695,833,69.83298881717809,41.371015498632886,39296,20.947546863824037,4840
Region_696,1017,61.851392855416805,59.64871126726456,111829,29.62936387726687,974
Region_697,407,61.73370191307755,66.29062994366619,112708,24.200135882830242,201
Region_698,1021,94.18548348303763,65.58406932907559,106664,15.859037453530442,635
Region_699,1481,72.10121868914288,48.28141735141327,38257,16.16104804491372,962
Region_700,717,66.5444681494586,72.28702550478062,32855,20.469301926025125,2371
Region_701,422,72.43887869157015,42.23892252523341,105178,21.63413021047261,545
Region_702,1081,83.46952007296807,78.09534100662077,40025,17.517773145916784,3845
Region_703,1195,57.28782841223759,87.33222169967732,24458,21.1215305703745,2198
Region_704,1421,72.47169176068688,56.9884413575559,83610,5.588312360352469,606
Region_705,725,79.39421855551934,65.8619690857166,90843,15.740571597421104,1602
Region_706,139,97.42916774257168,58.94551390294072,103961,11.973451901836919,2170
Region_707,747,62.62638910377096,40.335519515202996,69831,8.22936113107776,3135
Region_708,1389,67.96253739581228,59.2937251447558,63427,7.488662820219378,3554
Region_709,1251,68.96792949612119,79.58601296306733,113809,20.079804140366686,206
Region_710,589,80.27690788224415,69.7994421091741,58506,18.090013678815293,784
Region_711,781,67.83660265200008,45.06299573075795,25668,11.33960292490923,4704
Region_712,918,76.67559626498478,82.35697448468926,111470,16.773751469312863,3326
Region_713,90,89.08951649225148,66.55426724426215,67195,17.305807879560206,204
Region_714,789,85.26927970561019,82.0861680872338,93233,9.875224510965396,1046
Region_715,551,72.31843232562927,69.01107593925147,44417,21.302326547041265,2344
Region_716,1008,93.21080888370844,67.984422241897,101982,24.52298390965226,4676
Region_717,1218,77.90701247969315,45.26295925985062,30751,24.786588522237974,2955
Region_718,1274,76.99529197511063,48.3679866569314,66218,20.061745767586377,4874
Region_719,978,51.70938829695791,88.60126282482955,27352,17.790964562975354,1227
Region_720,510,99.33464901785808,51.424337337738535,99052,6.5251785751348725,203
Region_721,781,56.14854042648133,88.87260589951839,108835,12.195782471290146,4237
Region_722,801,61.55654562138233,66.59563532621317,117493,7.331786169454247,1766
Region_723,974,52.584841862076345,46.78945235319686,48927,29.09557902196184,3252
Region_724,958,82.00014834184569,44.96511013768465,61094,8.377003655644017,2907
Region_725,1326,61.235058848634,50.443203535287,74122,8.794385246277551,836
Region_726,439,59.000521873636174,86.28186650126679,49493,27.239415458262304,4418
Region_727,932,54.42777921116207,60.70751121641134,112247,28.598207086911447,4322
Region_728,305,55.165447856200785,59.77171339964572,93539,24.145725980872747,3817
Region_729,758,79.23353502212944,55.6603130535087,51707,5.135123091816746,2928
Region_730,499,84.41039329332978,47.35309252832942,88814,5.0336567739140925,692
Region_731,59,69.86894942322004,64.39255985962032,27296,14.45251924468627,4712
Region_732,873,73.99485407960367,46.50238912555693,45398,8.584884250272314,715
Region_733,847,84.2983867991492,81.77401181911638,55842,5.4596535537899324,3476
Region_734,1315,50.86898950927398,58.51984931376532,33261,16.601667235112615,3833
Region_735,1324,66.15653285351392,58.74017838908982,96709,28.576547435174287,3751
Region_736,926,98.65488740351732,63.70032142415779,115985,13.095489372560785,1119
Region_737,1078,79.0056114847734,62.20638565828758,76704,21.52851696071741,2399
Region_738,1192,62.71122899487466,89.74289865296608,87173,21.305883828311018,4553
Region_739,1065,76.08650233181066,67.26905606091512,51781,11.277002591629195,1262
Region_740,423,67.13267440604577,44.410085189493536,33652,21.260631220596608,1202
Region_741,1138,76.61224944131496,70.3438670788465,25103,10.308349357172283,2561
Region_742,195,56.28707559033244,47.579214643494,45500,8.050185339422226,193
Region_743,273,56.63573269096387,41.5468822365671,55529,22.534582138992253,2539
Region_744,1312,57.17711810196964,88.53710768386242,38452,7.836020427597918,3278
Region_745,226,96.99098959634209,78.6769445767282,69393,29.922730464733885,4632
Region_746,902,86.64494591706709,89.00544962068835,51174,9.586310028755733,3255
Region_747,1355,58.11909473311604,63.89392240111212,84450,19.85354656891144,4293
Region_748,112,59.417454188280075,66.6128765574488,55436,15.284364285314734,3192
Region_749,1290,86.54147374354382,48.416847795956514,67406,8.159660560141678,3354
Region_750,876,57.808192239608694,52.345371333379276,83059,5.696097689435335,1407
Region_751,844,61.72806466674143,81.92746074514142,35954,20.56830705732083,2763
Region_752,738,98.16734164101996,57.80928235587971,102722,25.168939094728152,4235
Region_753,154,62.76532623642159,81.34074868982094,32356,26.0503915376686,1407
Region_754,1172,83.08161751855734,75.45068621435159,118499,17.06783682692336,4344
Region_755,560,98.93156437002652,48.858546263593276,22187,24.43638667955964,4683
Region_756,434,68.71483835698963,65.37231830598711,97243,21.82117833721362,3242
Region_757,454,50.87579954310311,73.86936607593584,55098,23.10636318747833,350
Region_758,872,62.20736452111871,51.751860740191255,112471,17.314975130545353,773
Region_759,567,91.54385956708526,81.53442552600384,41225,20.835293506053176,3060
Region_760,525,93.23044179775184,67.24138287725934,23606,25.138147839401423,117
Region_761,758,88.42596822618955,48.262102522130164,77620,14.947104388925576,3886
Region_762,820,55.655490953828654,69.14922130823012,52828,25.149472521689592,4043
Region_763,1096,89.77551858482016,89.9856902077957,46489,19.80042106972657,2556
Region_764,1046,95.93388984967521,47.526074583170676,34387,9.147525609269657,1587
Region_765,726,80.0304771273118,80.83784650597642,89463,5.617103930614615,447
Region_766,763,97.04376781690324,50.3654501593779,91832,14.068840009978802,4765
Region_767,132,91.34194418559387,79.11941647300436,115980,18.667408207408496,3407
Region_768,1218,83.34857584954537,76.72889615607066,22591,25.99550880508721,1213
Region_769,1158,78.8592618355874,55.02446928002162,68516,8.187142003506155,4875
Region_770,1151,67.42868336209852,56.29115587822249,111683,25.005158692089477,605
Region_771,506,57.96437226214026,79.62606959814596,82061,26.575226151680674,3711
Region_772,50,80.24769613452705,63.072275594365635,86736,8.767187175020844,1801
Region_773,100,65.90557768090598,76.54090143559044,101257,26.289857982605476,2991
Region_774,734,93.32193337638228,47.39920736829174,81753,29.7863391960698,2707
Region_775,766,99.66684686793143,82.62788909507768,104774,23.170970776205937,2845
Region_776,498,87.62138813077863,75.54423583411597,31087,24.6192420456247,2379
Region_777,930,54.52408476435254,85.34714044174169,50816,29.860381688971835,2009
Region_778,537,64.43427977653191,46.61861895174862,43408,20.137031263148636,1651
Region_779,83,55.45548158828748,69.65072501802989,20136,12.697159550406235,2843
Region_780,1421,82.5255823895858,69.95602925201626,37413,25.938270851901393,1530
Region_781,144,88.25954322778924,57.67303702733912,79500,20.362144437790782,1152
Region_782,1145,96.28374154403559,62.92332122846289,104514,19.529885593023913,3326
Region_783,203,71.90861732059938,41.89907816449267,76358,11.340888887850957,1349
Region_784,299,95.06878247942223,77.2930019313506,86197,23.908356739572167,3929
Region_785,723,93.89455795206638,67.4661239701587,112789,7.041681896502406,1585
Region_786,487,65.85978583826993,42.88705259345869,112420,28.10717676986653,127
Region_787,167,93.44503127702855,74.03779464802427,52854,13.14558651926212,2881
Region_788,820,68.78361259408632,63.339103861559394,96240,8.194366319749761,3460
Region_789,1379,64.84346372801404,41.72306297125,110063,16.05916332756047,2771
Region_790,317,82.45373293971966,88.48038634240477,36322,6.061747731413329,3677
Region_791,1127,66.41906139425406,87.45560715447203,26968,22.115654856624158,1582
Region_792,285,81.51043741645721,65.64512080735987,47518,27.567637761133906,287
Region_793,438,80.49159027493472,44.68362103529551,71925,25.93157517846272,2046
Region_794,1039,78.17194636742295,77.73106107992959,79848,8.184236836197027,3477
Region_795,812,69.02098521163988,64.59655500528645,113422,8.156778427693297,327
Region_796,450,77.42498608257384,55.122373914468994,21700,25.335862058106603,3139
Region_797,673,79.82427374927107,64.57090887642784,113782,28.1063568650779,573
Region_798,816,77.28434442477368,66.12220727027322,43199,16.516745745837227,4325
Region_799,1376,72.22097263756008,68.13558495111695,64589,17.47427792284415,4268
Region_800,968,50.73335285231319,62.06118568276632,52115,12.956551034643148,3172
Region_801,1280,79.35308538505754,70.28776515695283,81934,27.35662795641035,4625
Region_802,1302,58.42221925713598,85.93673553031887,74316,21.1225726323089,1847
Region_803,902,82.12879844735949,58.11340435492956,25520,12.206289429184213,2181
Region_804,627,87.9672163961433,76.28582316099745,56455,12.46957177635629,865
Region_805,124,75.02226545653707,84.72262784121162,106465,27.28000182659006,2744
Region_806,484,77.11818324898692,62.79896378799685,61605,5.340850597645536,492
Region_807,152,97.57392798329955,62.17279181909521,34955,13.06816431816596,3190
Region_808,1495,92.3583680686287,70.10584926773898,64049,18.858917030409227,192
Region_809,813,95.7118257975735,69.5703379711244,33917,8.705436552483116,4337
Region_810,787,90.68831441597932,80.32946711631385,90293,7.302468854989745,1460
Region_811,855,55.44591709233657,63.82416918891464,98581,25.381908277264,4523
Region_812,1379,57.449592798509734,89.80614748197206,84925,27.36010971621268,584
Region_813,147,76.33118986344797,42.97357844336404,90269,25.590160519954736,1766
Region_814,847,62.30348293989991,40.15839242903509,50954,27.469697243433693,3414
Region_815,1408,73.83477375205796,72.00991557798119,116671,18.827799276459288,1082
Region_816,908,69.71826619091752,54.92174561809384,92617,25.306453024758547,3392
Region_817,484,77.47071192152266,52.019119434974186,61458,14.601065959777511,1460
Region_818,496,87.34378580679113,55.594954000214024,109037,21.65669653697596,4550
Region_819,1381,85.77454535496372,52.80237825524772,41113,29.72088828472911,1222
Region_820,298,76.06170662426672,41.53950248302239,119977,10.643193095978186,938
Region_821,215,91.1196709408529,88.57665211952943,110226,14.747493657277015,3388
Region_822,1033,71.54310457690167,51.037274422639086,63939,17.00118443275214,4567
Region_823,1408,94.83571449200612,76.70148812946532,49345,8.450387175501293,1691
Region_824,1069,53.56401350275819,78.12981973470876,66313,7.025965261626419,521
Region_825,591,97.73300150166537,86.46286990036145,112365,25.74307165804061,2990
Region_826,808,82.7346540715674,41.527472854669,89166,29.419859320689653,596
Region_827,1179,69.00372544686027,83.60241692235039,67861,15.118126595741467,4776
Region_828,130,59.85770632864387,66.36130904199001,117406,7.1912459048663315,3647
Region_829,182,73.95916147218,71.6272054982914,69298,6.645294017264412,2875
Region_830,846,59.72791615926505,72.22351385605168,67221,27.282955159007468,3773
Region_831,949,58.31658038715711,80.98989024923637,64942,16.595356243192,413
Region_832,187,80.8675878706487,56.67036610795553,23453,13.000682914059798,2216
Region_833,233,76.15423622908924,76.65255949299967,74935,16.911531780984987,3359
Region_834,1474,83.50480173054709,66.42890548610985,63370,12.957602367308684,595
Region_835,1403,96.48029387109946,79.6697007152674,28328,17.225894382690498,3290
Region_836,834,76.61301066695201,89.52730163850667,35534,26.48890992294842,4779
Region_837,1033,79.04660266313988,50.03255087018806,105280,19.807534276552392,1986
Region_838,118,54.481316957747104,89.7324320779999,104925,22.366344320254385,1012
Region_839,595,85.88178929543147,44.4906077141387,56320,14.116766905858414,3055
Region_840,102,69.9952603402078,40.115877395240695,69170,23.462646962762967,3856
Region_841,254,98.83626193312895,42.20809680889156,100201,21.665427121984308,932
Region_842,175,91.158700779783,57.089120236838085,28640,7.989049943801412,3890
Region_843,92,76.12405202580592,71.64531653392172,111057,19.316071327889617,920
Region_844,160,56.1611327086083,43.45147704439248,50049,11.41858740774395,4661
Region_845,810,92.97078966402947,40.28329072647836,25618,25.10239174083982,3035
Region_846,1256,89.98905477120108,86.85455142293974,76053,15.648442711673486,915
Region_847,897,59.229256476851646,81.09633179699648,21920,29.867104129912178,4359
Region_848,144,64.7639144610155,80.45915855695155,63937,7.312510948474094,3253
Region_849,1447,89.67036290739186,84.22121377509885,89724,24.508696568503964,2947
Region_850,949,59.26142232737048,75.00171363860522,32207,21.842543338553913,2294
Region_851,409,95.88762445856887,45.22020648740407,85774,24.187470764767635,68
Region_852,949,71.2263712598181,59.95500940368615,52972,12.688244887261408,691
Region_853,330,54.35194812938293,76.15747432323147,30799,17.301362234560017,3133
Region_854,1268,90.78743217521404,54.01672303957605,91088,24.91271299309271,379
Region_855,1268,68.67548415191938,74.37031820681187,48916,10.813533290521374,915
Region_856,716,76.32495970768905,41.224922413382615,90463,10.650829919716301,823
Region_857,142,55.61521722056096,55.306867043979665,113500,18.77627383237331,4537
Region_858,721,50.12920074224912,67.45651681385863,96700,18.089089488246394,4782
Region_859,110,81.89926028966488,71.60449147531212,57158,12.056561760323321,2404
Region_860,683,75.75875851668658,68.85203322309555,104607,12.451891263120569,3388
Region_861,1124,79.67692845615736,74.88781380367148,91696,11.946129080164138,3568
Region_862,1476,89.68719251902581,40.304437411991955,81510,24.28780154996219,2992
Region_863,1078,82.330295671143,45.04705999887607,78692,21.297521639061515,2617
Region_864,653,58.73867214136886,83.44721261395725,81744,25.81042958525632,1724
Region_865,731,68.03862595553,74.08743220450806,35810,29.386825707850544,2733
Region_866,583,95.29455523938802,45.646582134300566,25126,16.85410740679966,3430
Region_867,1478,88.49723501258396,82.10372186992896,50009,6.667347035136221,789
Region_868,887,77.83185289683587,52.11156089122834,119120,6.202307760300886,1595
Region_869,694,62.78224989046362,63.91299420976117,110932,12.39162598179048,4614
Region_870,282,65.10302509173975,47.25982564423302,20192,28.31361473381127,2309
Region_871,573,86.59790337928172,75.50550282108533,56413,18.08032637427187,1185
Region_872,395,92.55871304263854,73.3427210507134,32816,11.794662902003228,923
Region_873,1119,83.57123347653072,50.555623558306806,59082,14.979169862775489,4605
Region_874,595,90.47649878842209,83.17003834285009,85048,19.964877685116768,2350
Region_875,1151,88.3328067600203,60.06530121098561,70940,21.323741453446054,801
Region_876,1146,57.48519839784789,54.62575455353709,52130,8.847987744572626,903
Region_877,843,71.1972406456651,47.616479473226775,60142,29.4257919136294,3782
Region_878,298,57.649190041428135,53.30840062577687,56468,18.61930567456972,2333
Region_879,96,61.761779240099244,41.10134606119085,50698,8.392207944806982,1379
Region_880,1194,93.46298123255264,69.16287462280579,30655,27.340881333653343,527
Region_881,263,73.64459828165911,82.11153731719739,67897,6.86596077698572,2776
Region_882,288,76.76790509213305,67.44902247208209,50075,27.69338582943782,3141
Region_883,1129,58.922298261388605,50.96369809619379,29359,29.91414140722456,4280
Region_884,399,65.6135893024398,41.68345891069364,62056,22.510794978912596,4555
Region_885,156,61.5123084213935,50.73140366294014,71831,24.261180526849746,1319
Region_886,880,60.30930822592132,60.80607140355461,79191,13.43257091168716,4231
Region_887,97,81.8980396657985,77.98057143498983,53272,28.539421318348346,2653
Region_888,386,62.84419238228574,49.392142626888706,34671,18.24284915270919,1519
Region_889,1099,81.60077430102092,75.98957266773431,47048,23.30971116493887,427
Region_890,853,52.922730705427696,83.34667341759419,96274,28.10269289778199,1730
Region_891,1330,57.08871967635509,62.69734240541786,45963,29.379499399387708,291
Region_892,57,63.72701270000627,81.07159958212966,63954,25.83010891491686,969
Region_893,674,79.85234584478458,67.73286740175479,92309,12.57543767455075,119
Region_894,1326,83.7920622543688,71.85454185404525,115430,29.16368791380206,3974
Region_895,768,72.13584833897636,66.31392301691014,20717,20.702988281089297,2136
Region_896,352,72.28954572886144,63.15863583756709,31676,28.266061908798996,2057
Region_897,688,86.2258425699309,51.73267208879247,24434,21.902625645358796,850
Region_898,105,50.791054588279124,55.159702973052305,69810,12.680974046193011,2829
Region_899,775,67.05450122371103,54.49850594718045,114636,14.250613103570398,4970
Region_900,575,90.93535285596164,68.16444654769074,24994,18.761794427573513,805
Region_901,523,80.16097051066862,45.9976846511945,24234,24.75037103899705,2045
Region_902,77,66.86135663777102,85.83958453511676,89300,12.949563783508374,1371
Region_903,127,95.27623961648369,76.03275726415566,63949,19.493279153354802,2380
Region_904,1289,88.63113637246913,60.07228154565968,57405,13.640624839410037,159
Region_905,1459,63.24477236183667,47.9312072263189,54872,25.394235115877677,1066
Region_906,414,82.26449187628585,84.09960848608179,62215,16.66820234419876,3915
Region_907,715,79.78753640944784,81.18890450505826,43185,6.9180706713221305,74
Region_908,575,70.05939570194914,76.08607763585897,63442,9.15131303703841,4988
Region_909,748,68.34780396024003,53.57735237056212,71759,6.527616690490808,2888
Region_910,1385,67.1780237387852,60.12233187168344,61153,17.48257365035813,787
Region_911,932,80.85778916978234,45.13741262262117,97535,7.658432433705679,229
Region_912,1080,72.12049682403347,49.45197623637659,22581,7.853499232740803,281
Region_913,1076,91.59315566257109,79.15083186583664,71717,28.526206500959425,1967
Region_914,968,83.4801308066981,75.75193594253419,22763,26.816376804401386,392
Region_915,799,53.49658028547171,69.67428814879673,112910,16.30216492028415,4622
Region_916,412,82.0084111914083,84.78633629630863,75480,29.645133021255145,2673
Region_917,1347,63.55737182500924,69.16332589065227,58759,5.004663204266578,504
Region_918,855,79.64059958267114,63.34839999818054,96067,20.349486406834846,4434
Region_919,788,84.00659655517256,57.018537315288135,45307,20.41070443429675,4675
Region_920,1088,61.541459457700604,87.02242528680863,116371,16.436076396747204,2326
Region_921,1265,72.84293224401843,44.135773076217674,31064,14.92369932335732,645
Region_922,534,59.51624314095339,86.54436860304043,96848,16.38457838701519,3924
Region_923,77,52.61694378932542,81.33573299655092,57548,15.374010901992012,4580
Region_924,763,68.92382117429345,46.49649622678506,56945,23.262311937057486,4547
Region_925,1112,68.14721359229961,68.24921788376268,67937,8.383885874332101,2719
Region_926,1346,99.77402453521285,83.32739908745435,26476,9.940980514778254,2185
Region_927,1304,72.31761755988211,68.59045818035769,71756,9.51295570981059,4014
Region_928,135,66.67847747361002,85.35999107803111,110101,11.561764628031614,1615
Region_929,175,79.02375033583374,87.14919084080213,22382,18.131460469539583,358
Region_930,861,54.438369705388425,61.11922610921529,69683,7.780218683455468,392
Region_931,586,98.08328679774067,58.86568307031618,107999,26.7042323831626,485
Region_932,194,81.74800227955166,86.81605769845784,65276,12.434038282711807,226
Region_933,1285,87.74189099704239,73.7570030574834,53402,9.063449686717696,188
Region_934,74,58.523896908695875,45.80113406740846,111881,21.890532739956083,243
Region_935,1467,70.4738926502602,42.11458746113406,46946,5.952157514982982,3307
Region_936,116,71.13445566980948,68.23145254986315,99698,20.499214121854102,3285
Region_937,282,91.09032219505434,86.50854827192123,93933,22.454960766912496,992
Region_938,158,50.06183398797047,82.21243512029092,42335,10.37291328466798,4670
Region_939,1219,65.04265541766276,73.79238732321681,65095,6.049101836090857,3929
Region_940,160,99.0618187172152,46.955792444554376,99930,14.09113397298624,3163
Region_941,277,73.74432717531093,52.711569187434776,47197,7.4648557560484115,3012
Region_942,160,69.12631401220041,83.77556132763081,42010,7.9119462418334265,4886
Region_943,83,55.99145010088232,49.140361832845024,44123,11.356530786121613,1003
Region_944,672,98.70823143140078,53.92197041252173,107923,12.386698115668983,1352
Region_945,1442,51.001317796291225,46.4800325597721,22890,18.249258525535517,3431
Region_946,797,86.85901125036216,73.80541157072057,113305,21.95979713757533,2930
Region_947,644,88.42999023942542,87.19911526816048,28026,19.819273521754617,2237
Region_948,474,62.18283580319333,53.448401579769296,84925,8.709008432237919,4937
Region_949,662,83.57792218065187,63.77033039250368,88842,9.302150811315661,595
Region_950,741,54.646457218969495,71.71698698556021,53665,26.96923124482286,1977
Region_951,1355,62.852363321603995,89.97331241078153,29277,18.95880787660284,4202
Region_952,1393,89.39509941461324,45.240403249878604,62239,26.748445822442225,54
Region_953,364,93.23430960167701,64.92853997528546,67664,14.288662782996859,3531
Region_954,926,80.42432063298956,59.256005995125,68008,20.360000185783097,3303
Region_955,1450,75.34192159102413,83.29100826111775,34683,18.09158540136527,1412
Region_956,1362,57.96520103094902,63.79838655058279,20670,12.978087245511563,1870
Region_957,711,53.155451653957506,45.5488762292574,109211,16.747884300839885,2713
Region_958,326,55.882451423677935,71.72120726432918,37889,17.562271920673304,2988
Region_959,673,61.36786500480494,78.53903091319398,75612,10.019274368916964,1323
Region_960,565,67.08372509484605,40.14406258328073,64535,12.87525930941829,3376
Region_961,1423,69.04547627554936,82.94783427103147,98542,24.78524376267439,3709
Region_962,892,67.31608842945018,49.30115000028328,74319,27.894705986353177,2995
Region_963,399,61.95276660986328,67.60346823266889,112067,13.994852338632487,3068
Region_964,872,75.4862123375849,60.78987503437251,41639,12.674307055225455,1181
Region_965,1210,91.26430541164484,75.98269083052652,84712,9.879929114297063,4813
Region_966,808,63.98517692357396,58.55808073928709,36633,21.96227921626453,2686
Region_967,948,97.11935095511166,83.48815883408554,54660,13.077492541658431,3079
Region_968,292,93.66683308619238,76.5248180479395,88975,29.693738477479712,3069
Region_969,592,58.08821056760548,72.38565855314607,52172,13.14212005159883,4427
Region_970,1113,89.31379783785472,79.81202977814272,79197,14.853401169565704,3209
Region_971,278,78.72936911588833,77.70115174641911,78847,20.08335490530087,303
Region_972,597,78.32876810857093,41.79693374607767,31577,25.042107329782624,378
Region_973,969,69.55213815290873,59.736717692241406,97299,16.737966633640845,2641
Region_974,1296,75.05764995910049,86.5403648658245,40176,15.566400844723958,2880
Region_975,55,69.85893887146055,46.28621344961131,64386,29.890945839870206,3094
Region_976,1395,76.98663093799715,76.85482752160256,83972,5.262341028498611,1470
Region_977,517,81.39750263863179,88.72959056676649,109791,27.376632221281145,3451
Region_978,124,83.71519032045242,42.60993145224858,61003,8.728520648493436,2942
Region_979,53,76.6240596279713,74.10969403133052,39996,24.648131905222836,704
Region_980,695,86.07110336643659,63.40770706505152,106598,20.44828899615745,809
Region_981,167,57.06390246377529,68.95876276873611,55931,13.546182137452302,1848
Region_982,930,60.59912454511193,44.26706682421624,55710,26.84687388802546,3021
Region_983,553,90.9367502037135,42.15034759334697,54693,5.322680699524799,4561
Region_984,996,66.12639889232076,73.3433330275461,55740,10.667266301873092,3476
Region_985,623,51.14469124880601,81.1654714910359,97241,19.1723199062384,304
Region_986,243,57.68955748340156,79.10076674664836,113583,13.78855650124245,3873
Region_987,896,61.18072172481556,67.19028639331187,96502,20.25943738295819,1926
Region_988,764,97.86614439472936,44.99334105680891,37374,5.602754835216671,2807
Region_989,1465,78.65207144654246,74.40222219180069,96674,7.911473262042813,2674
Region_990,1099,96.63653702381274,52.094444177707295,101471,8.17740600546098,4171
Region_991,222,78.75816752483125,85.55343513836918,65913,9.732091147900235,3054
Region_992,1373,73.96772200689259,81.91326797728524,86025,16.48328602001357,4566
Region_993,375,65.6863845597048,75.46914835436954,64516,23.80321748858928,3784
Region_994,1483,80.31854722166878,87.44229779155651,107796,27.638470948222526,1294
Region_995,1191,56.95990123087649,41.57109107556364,46069,25.88431325710615,1058
Region_996,885,94.9130813646353,76.8100212530381,76233,9.92219679439209,4364
Region_997,773,91.46662025706419,56.51213896682027,104811,16.02876380576581,1560
Region_998,274,65.87657239383685,85.30329428431827,79049,9.985289943963375,2009
Region_999,581,97.63987638006472,53.33375983309888,59178,11.611795416679769,2558
Region_1000,162,91.2600383707784,76.24282496575086,52821,17.588674537797154,4808
